{
  "best": {
    "epoch": 19,
    "train_loss": 0.03285090012608894,
    "val_loss": 0.03098687905699346,
    "val_dice": 0.9747276152444091,
    "val_iou": 0.9511424969977841,
    "lr": 0.001
  },
  "final": {
    "epoch": 20,
    "train_loss": 0.03184283397160471,
    "val_loss": 0.030770973782944997,
    "val_dice": 0.9745353300626094,
    "val_iou": 0.9508646139101176,
    "lr": 0.001
  },
  "best_ckpt": "D:\\Master\\ImageSegmentation\\Demo\\runs\\fastmri_unet\\best.pt",
  "epochs": 20
}